stable_source_id,normalized_url_excerpt_hash,url_quoted_text_hash,excerpt_fingerprint,entry_id
No.76128,,,HT-20260309-001,HT-20260309-001
No.75302,,,HT-20260309-002,HT-20260309-002
No.60104,,,HT-20260309-003,HT-20260309-003
No.71428,,,HT-20260309-004,HT-20260309-004
No.70617,,,HT-20260309-005,HT-20260309-005
No.69753,,,HT-20260309-006,HT-20260309-006
No.65836,,,HT-20260309-007,HT-20260309-007
No.61162,,,HT-20260309-008,HT-20260309-008
No.60362,,,HT-20260309-009,HT-20260309-009
ID:014340,,,HT-20260309-010,HT-20260309-010
ID:003752,,,HT-20260309-011,HT-20260309-011
No.76889,,,HG-20260310-001,HG-20260310-001
No.76159,,,HG-20260310-002,HG-20260310-002
No.75989,,,HG-20260310-003,HG-20260310-003
No.75079,,,HG-20260310-004,HG-20260310-004
No.73051,,,HG-20260310-005,HG-20260310-005
No.70901,,,HG-20260310-006,HG-20260310-006
No.67226,,,HG-20260310-007,HG-20260310-007
No.61414,,,HG-20260310-008,HG-20260310-008
No.60253,,,HG-20260310-009,HG-20260310-009
No.54629,,,HG-20260310-010,HG-20260310-010
No.51037,,,HG-20260311-001,HG-20260311-001
No.47774,,,HG-20260311-002,HG-20260311-002
No.45663,,,HG-20260311-003,HG-20260311-003
No.43582,,,HG-20260311-004,HG-20260311-004
No.36322,,,HG-20260311-005,HG-20260311-005
No.35893,,,HG-20260311-006,HG-20260311-006
No.33443,,,HG-20260311-007,HG-20260311-007
No.33417,,,HG-20260311-008,HG-20260311-008
No.32481,,,HG-20260311-009,HG-20260311-009
No.30779,,,HG-20260311-010,HG-20260311-010
No.20823,,,HG-20260311-011,HG-20260311-011
No.17666,,,HG-20260311-012,HG-20260311-012
No.16535,,,HG-20260311-013,HG-20260311-013
No.11593,,,HG-20260311-014,HG-20260311-014
No.8770,,,HG-20260311-015,HG-20260311-015
No.4749,,,HG-20260311-016,HG-20260311-016
No.655,,,HG-20260311-017,HG-20260311-017
none,,,HG-20260311-018,HG-20260311-018
none,,,HG-20260311-019,HG-20260311-019
none,,,HG-20260311-020,HG-20260311-020
none,,,HG-20260311-021,HG-20260311-021
none,,,HG-20260311-022,HG-20260311-022
none,,,HG-20260311-023,HG-20260311-023
none,,,HG-20260311-024,HG-20260311-024
none,,,HG-20260311-025,HG-20260311-025
none,,,HG-20260311-026,HG-20260311-026
none,,,HG-20260311-027,HG-20260311-027
none,,,HG-20260311-028,HG-20260311-028
none,,,HG-20260311-029,HG-20260311-029
